Block Number,Receipt Hash
0,e8186a2e15328b38547348dec5d25b051bc1d17681c66b8c8ac15c06afa223c6
39885,e773c654506961dea9f600d03f7d69117a5427dc7ae7adde227e972631d97af2
39886,f0174bc8795fcabd9d3cad7f7775e13b342aa19ecb068a832a46789771d8f065
49871,e9e2b26386d7ef955b7ff348c4ea4cde542e784a35a479676bbf6fb8cd2654a1
49872,ade8b520ab4fdf7f6a0ff4d903b6c821a9cc2c38a709b9f60d61c601fddb1614
49873,3571011606764671226f51337219bb6553b336103e00cc7e52ecf484862641c5
49874,4c9efae35f69bd2d10bd66f17ecc013db1b328daf0b1e46b619e433c1c725141
49875,a9ba2c6e839db3a1c200ef102e516a146de7add19f1b05032a01fe7467b68e43
49876,85b0b5e00217f69b31359d450e6ad5353c491bdc51c4b8ee5349fbfebb3193b6
49877,b80b1fa9747fa25ea54e7460a35defd08a3196bb2137d1e8af098ca2d3e1f82f
49878,14ddd90c102815595fbc9697f5b169e105bea99684e3005a7e77068aa1a009cc
49879,ab7a141ae4dd5dc32f0b66de9108566c8350133621547bb199a3ba28e87902ec
49880,cfdeb871c21f0017a49117bfff0f60f5fb170651d6b6632f1ca1b8c2a27d4321
49881,12b0b1e8af1b8c88d47422bd0e5a457a45a2db428d1820b4b8202053cb11039c
49882,1495bd2e848d8ee2896edd26d6fb4e14b56aa6bc25fac49568ecca49b7cab662
49883,07836dccc19e84768bc09bb63bc348e199bfbe87bbebb22d9f509c7e02f9c33b
49884,8de907091ed95ec1f81f63d79a77ee6153b9f027339438f82083ee7d8e273ac8
49885,a097399009c58923f40d646fbe019f7b27807167a38d17a3f67b3976bb0f05d7
49886,3328bc84d41a8c58b1c350339c6d85d319920b1e5fb28c9ca7b61c9ba86c2f62
49887,ca46905d0b25d53df14575bc45f2383bd2eb04579497fc5670de2ee561335bc7
49888,862c56f7e83389b5fe830ad1ba88c383e1306f7cd6d84a681fe73587d997e8f1
49889,09975009a9eabe92ff475fd25526e8bcaf4988fdec7d4bdd650bbf9eba4957c8
49890,5efa800cbeceb89303ce100f654bd416df7d54edd29786604f73b79eec6e9145
49891,750b4dceb6628d2c26dafabb0477a00efdcddcd58fe83d16a8865a5f6707aadd
49892,c35617ea82b61147c087bc67e2b2465e2b7b7b594f229ec7213cf5e3a51b7074
49893,1a14a007d6a8221a65d03a47251998843c7d22de15a6d8a0c513543d076e34a7
49894,c8d0840a3224b66f6ed10b34b8bfa88c796db9e9aca7b38a23d84f260319cb87
49895,82a536b48bbe29b481fb240a434132a2b8a9f7ca4e5d938c1a43d3ef3768bc78
49896,d3a53672b263cbc20aca4bb347f62df7dbefb0ae74c7a6901ca5ee70c2cf7a34
49897,c0870fb8aa9cf8c88fa1bb05e5c6f1dc8fe04e6dc8580e5f24754469bc3d3d2a
49898,1b177d8d889fb72553dbadc0bb57dff8b67ae7b5fdcbb47a00416d89f9b6d0ae
49899,6b17d9a1996da87142e1ca0568d65116cb10f1529884367c65e0cb8956792957
49900,433c36f72402e8ae5fc5d2a6da8481de387e699bcec324cc2b110ebc8ecca278
49901,2b054f9ffcf0c917e7db2030398ed65996ca238c4f96c64a6394167ab6facc00
49902,5c434cd90949c4d47fdecffd0b79fa594f56418d96e4cac9c09f08835a931c9a
49903,a436ca1db5061653ef87c26a861361a29a5b55c868bac6cdf0315fd6e642ce0b
49904,892abffdf0e5d5993c2e175fa0e243120e62db00c4fcba4b7936a7b91df28296
49905,a2a89f8d130b331bb577769c67f2aa85ab64a4c80ac7645bdaf463864a70c17a
49906,34557fc10dd8075657bd42d9015ddd2037c09736681cce8b719d580095e3f828
49907,7b39383cf47695c501a3c95996597d5f0878fb708c8200bac9fbe7d42089c3e1
49908,9a3615b8acd3574bbbc38d45cd8cd95c47aa3d5bf98577640f14786c20846a38
49909,470ab5bd395aad5de85c28caee2efe89b3cba97e8e4fe460f3258a64a6c314a7
49910,7f197c55070387a84403558d90e21f64e22f24c42e0b73fbf3fd1cf0de863820
49911,89e0b28739cab1a7aec1cddc2f87b8352db55f517363dbc34e473dff6ca30ddf
49912,850f8459853268fcf9758d03ad337a52d22aa930cafaea7ae08dc6bb1e16939f
49913,cb1c2b8b45ab93e21acdc2c3760be3dd259a353c33725c040735befef16b2d10
49914,60a8a527cfa3ab2ed6527e276e958e1eee413121a0052c1be0b0166ffc89f049
49915,4112a787ad039cf466afd4006478b420a5c2c026cae29b9a9d0450ba2ca4ad6b
49916,dcf1af46973148a4fed20956ef01a742df3e78525ea17696fde7bf60e3bce77d
49917,7ac38066b86758ed11080abce086bf45c8e747c6c87c3af110fbf927d367a6fb
49918,9a9f8d0eb88451c0f85d08b001f5d53b93d16d4e53bf97ebd926682093ba7e16
49919,837e804ff74cd41fa07cc5b16c30371eb18c59995d1f487818931b45edd8bfb9
49920,a944514cea0ef371d3e6e889fd1d3e7043a14557435bbcc0dca7d0b1d0d4f4e0
49921,98c50677115036b36a17b93b4a0c5c92546f135aa5c9e0637d91a5fd6856c2c9
49922,3c2198b4614a063e84fc884ddd9ccec3097030b9ddec83fb2ae85e752ea9223c
49923,8af7961cd47f947ab67c782275d33c814c14350c4d1ce020fffa59fb59de542e
49924,b6b1fd089ad5ef15cb0198cdb51fe9ca6685144da89db869d75aa5f366ff6476
49925,7c5a6a983ea6ef1bfc9ed142a5312045c11d392a089f66ece362073e86a1a53e
49926,126d760b922c9f4d31f0f359b9a7987b611c30719a622a1728881f3fed43ada4
49927,ded8d11b94664ec4cb5595660d121897f1c6f2907d8bd596f8c40a1c579ee6ee
49928,6c38a12347330120ebc2389a3a9b014008da10232d977c9cd8f90b3c0540d466
49929,38737e0e0d0216c3b04334bebf2801c2c80218a6f7b5783131fa25f6506c1822
49930,60e16aae373d54f025bb27ce9a4a247b934cc558192f99fc6aa1efd450d7ee00
49931,0f4dc8b0c2e9430f465ca58e24ab44bb9eefcdfd45fd31927dbfb86c53f0ce9b
49932,effdc92ef80f03c6716c116ec7e97a640e8e58c39fc1583ffaef2ddd78435225
49933,eed083b80579383866dd7be7af3c28902963b61037557432c674f8f94942b6ff
49934,7038abe3f8accbf75dd3501301be4d67bb52f2d6b3afb664feebbb797acd0062
49935,c631f9c1d93f51b76e610fb5be4a33de72269fd230db6a423f2351a7f8799828
49936,68f577bf16c1ec8299461f1ccf3bc2bebe4204f22a03ef12bfae8c1d87840809
49937,933198c67e6b30a060fea47632c96d4fe94095558392ecd920ed9098e77a6544
49938,5582f7869dd60f01e3c8196a4812821572ebd54b445c115c1b0b7792b51362bc
49939,4e59fd246947da5612f8c3e893597296a0d92a91f138c488d7191da1c1ce6567
49940,5cd7fb54d49a66969d4d3dced94e80448e018389eebe6915090710f3cdee2f4f
49941,060d58477795a77b4fa2969def1d4820ec9684f6043c6458ed1ef7feddf61273
49942,91fa63400364a83ab29b7293e27c5d5fc61e56ea7578e0f6ef8b613365550b98
49943,97bed5f38b3c265efba9219f5709348c6d9d80054d6953f5ed11bbde21cde75b
49944,c830db725e6466d9953cb91d85e4b99b9a9e0139a75e7b81eb527c411c2a4a23
49945,ad5fc1cc054bac7d79683faeb1d9248a851b40f7ddee7a8aaf92d96cc954120f
49946,97213c2be4efd750a5a55c9ac36b7feccc86e68f5e8c830631979580617d7cf7
49947,0eb453e8b901729946a1f5b2f91961fb1e2a75a50d7a0af26fa4a643dc3fb117
49948,a99b7e6235681f2f4c93a9c4322bc4e7312a3f13dd68451d5bdad1bec98eb48f
49949,21aaa80d80da4de6e7703b5a80ff7e14c3ca77d3c21ecb68c427ccc08fdb7ac0
49950,2a04053ce66728daa4fdee8b55ecbd076c68834d62be956779ae678861e9d1f5
49951,dc3b63524ed495fbdc0b0317afe95fdc4d91f7c86849fc6b7b595d278dc80d42
49952,82188353824ec28d0638ab277b9adbea8c5367474abb2cae04b5f1c5b0f18f77
49953,6248ac2b41f7e45b48f6dc35c0af906cfd28f3009cbc526de7a49428aa2a76c8
49954,2b98491286c12852144d5bd257eac261de62729e1414786c4e39f37c3f4e279e
49955,7bdc2c11f911aa9723022e7f243f8fcfa2d6e21fe77f58fe542af7ad86ff00b6
49956,33c6addf24f8cf3485999acb46e80a0c9f1118c8061700398c55681c120cb72e
49957,846926fb4e95100ff638ef49fbb663e17efb2c08e4d21b21904748e757124d34
49958,5db28a8371f540a608ea5300a5cb01b8a5d51f34e392c2e44a293e48a1759931
49959,a99a5e5f8800efc0a24c2dc069ba7fda59fe705cddfe84e27901ab337a9d234c
49960,11391c6aa91d6704a7973a7437443c4c035d62ad1ccdbf6598d9e9c2b16a2175
49961,ee14ddb68a6c147e2af6cd7b566f016bb4798ceb09330340f270afd1c4da2d28
49962,d93a6b59e29897cdee6799bc6869dbb985595e1bcaecb52883f4b29f59760e9e
49963,83c45f5fdd2dc16ac7062d65633ecd0475b2189141b0e3f81058160c9d3a1cb2
49964,4a68ad3a929751d37c2d56506e3555f9ceec1f24a7de4a36cd1d4a25c3310cdb
49965,6ac0f9d04e816d57249778f7d1c247ca92618a383d60259561f8a80e2342e684
49966,f65d1931b4b51941f9d11f2a75e38ca4ade3a071a3dd8571f720fec445a674d5
49967,f4bc52d2111c61151c8545e6cd6dde9ac7af14ca0fb865f6b03eb990d3b0fbc5
49968,cc602e93e1e929d99e58286dea6a45a657d7ce2d037366ba19f93dfcefcc85e0
49969,e2a24a1ca7c060a0a7f2dd1987f7fb881663e5c0e953b8315ea0f81e8202e476
49970,af7b45244603819ff387d914eede4edb9f10db5a0d05449aa3db2831168d62df
49971,7406dfd8ac452ab6ad7a97abb8c0d74da26999813458b8f83c56533353cde3a7
49972,7d8738d57b84e76032272687e57dd917e31ab2f92091c17d1a87813abf9b972f
49973,5fe18c1a30c6325daf237828918dcecc77376618ce339e69857fb1bb63390395
49974,d24c125afafe3bffec70ce10d8ea7df969125718d3df54fd75c6e0eb10299e86
49975,72bdce74c48a85e331da7166e03ad3f8844d39305d86f5204050f4d000d6f936
49976,04f056a36bdc914c752ab4aaf894e46d382d14cb3db0006ff8dbf87ba222fd1e
49977,388c12aab793fbdb6ff9d89a96eb21cca00faf2672aa7b62f347b38722ea417e
49978,825f54aabbdaadc00010d4085a6d2c60643eab21533fec621b0dfbc8dbd40fa3
49979,22a95be74ed9a4fac40da113dd5084ece19c09835f65d979a1b5ac3eeb0b7d83
49980,c114f80a8d8adb6761a755d7be854f946f7c2b7d405493641b5646c4ef768725
49981,94e28ab733a7b2bcbf34580b07ab51614dbfea9d36ecefde2533923d0a8faf61
49982,abc68b68fc4103700881de986ebeb915cbcdd2e78824e31e2e7c1398ca389cfd
49983,f784cc8e6c7423a7887046901cf6fed164f0c874f07e219f5ab3bb6cf981709d
49984,a72654d34ab5c8c3706a35b7817d4230711c152df708a2899f347d5d3e09aad4
49985,b61c5899d6227619cffdb63f431caa39385fcb7dc398923077f13d4195e7e794
49986,7df0c4bf33011d8567829e33f1e9ca0e033b1b141905bd57ec4ca6dd7ed9e8e7
49987,0e815c80db621667fc6fa5ffb676e8c89851b69fcd499f504cd402e57aa93fab
49988,7e3f505948c3a89f2c99975536725c410982c3a9a7830923e92e877b0819302c
49989,5acea7d7875bd3a7e2036dd9a309b73c8774351fbfbc03a69478fe50cdf3c4e8
49990,332411cd952ef6f00eb1993da6d84d68b91938d63e0eee38198d9d5316390cf9
49991,9bdcc3f56d76370e7570fef53e2b9a2feb7e78bc3761931d063d30d43be14400
49992,b5304284fc7275dd462e3fd92ff718e24e9d23187f0a5ab06e961ccefd7bd765
49993,9be9bc3945badf125c2ee0b186394e39ca9af1a6a75ce8f89bbf3701f84d24c3
49994,9b805f4c6ea506f1c467a92255b23d54cc84480f5fcb7b1b330ff31adbc1ccee
49995,cece395730478267e868e4de3b2de0986fb000c43993e4bbca8b056a54014cb6
49996,4f289269a7a23c24abf019cea6099dcba0ac0c65218d69d71b52f7896081e371
49997,ed25e2827f0518d3162f6b5f9374396324fb066cd64229061c3e58a79d46406d
49998,94a486cfb488cf79bf5f5cf098abe3d01296ff0d6d0d50b59d4ea87c963ccc66
49999,607be8d0fcb771187b9889e6494e22b9ab91a3b1be6142c539da8ab2a05e0519
50000,85a42f5f26d279f1380c10f62c63ad83592fb14c30d6ecbab9d8562e332e13a4
